datetime,payload_callsign,lat,lon,alt,ascent_rate,batt,ext_humidity,ext_pressure,ext_temperature,frame,sats,speed,temp,upload_time,uploader_alt,uploader_callsign,software_name,software_version,frequency,modulation,baud_rate,snr,rssi,uploader_position,uploader_antenna,uploader_radio,time_received,raw
2025-06-21T18:11:06.000000Z,APEX-2-T,42.31621551513672,-71.12919616699219,17181,0.0,1.3725490196078431,6,92.0,11.8,712,16,42,11,2025-06-21T18:11:12.729909,0.0,W0MXX-HOME,horusdemodlib,0.3.13,432.625873,Horus Binary v2,,-0.43,,"42.139362,-71.396149",Comet GP-3,HorusDemodLib + RTLSDR (432.625 MHz),2025-06-21T18:11:11.413498Z,5B03C802120B06CE43294226428EC21D432A100B4600007600069803000033B2
2025-06-21T18:11:11.000000Z,APEX-2-T,42.31562423706055,-71.12863159179688,17209,0.0,1.3725490196078431,6,91.5,11.7,713,16,54,11,2025-06-21T18:11:16.879442,0.0,W0MXX-HOME,horusdemodlib,0.3.13,432.625867,Horus Binary v2,,-1.89,,"42.139362,-71.396149",Comet GP-3,HorusDemodLib + RTLSDR (432.625 MHz),2025-06-21T18:11:16.456424Z,5B03C902120B0B33432942DC418EC2394336100B460000750006930300000EC9
2025-06-21T18:11:16.000000Z,APEX-2-T,42.31509780883789,-71.12818145751953,17238,0.0,1.3725490196078431,6,91.2,11.7,714,16,60,11,2025-06-21T18:11:23.038293,0.0,W0MXX-HOME,horusdemodlib,0.3.13,432.625869,Horus Binary v2,,2.78,,"42.139362,-71.396149",Comet GP-3,HorusDemodLib + RTLSDR (432.625 MHz),2025-06-21T18:11:21.494039Z,5B03CA02120B10A9422942A1418EC256433C100B46000075000690030000ED6C
2025-06-21T18:11:46.000000Z,APEX-2-T,42.31170654296875,-71.12613677978516,17401,0.0,1.3725490196078431,6,88.9,11.6,720,16,49,11,2025-06-21T18:11:51.245663,0.0,W0MXX-HOME,horusdemodlib,0.3.13,432.62587,Horus Binary v2,,-0.76,,"42.139362,-71.396149",Comet GP-3,HorusDemodLib + RTLSDR (432.625 MHz),2025-06-21T18:11:51.022545Z,5B03D002120B2E303F294295408EC2F94331100B46000074000679030000A910
2025-06-21T18:12:56.000000Z,APEX-2-T,42.305450439453125,-71.12439727783203,17904,0.0,1.3725490196078431,6,82.2,11.4,734,16,32,11,2025-06-21T18:13:02.064571,0.0,W0MXX-HOME,horusdemodlib,0.3.13,432.625863,Horus Binary v2,,-1.73,,"42.139362,-71.396149",Comet GP-3,HorusDemodLib + RTLSDR (432.625 MHz),2025-06-21T18:13:01.165150Z,5B03DE02120C38C8382942B13F8EC2F04520100B460000720006360300001BD1
2025-06-21T18:13:01.000000Z,APEX-2-T,42.305301666259766,-71.1242446899414,17933,0.0,1.3725490196078431,6,81.7,11.4,735,16,14,11,2025-06-21T18:13:06.211389,0.0,W0MXX-HOME,horusdemodlib,0.3.13,432.625864,Horus Binary v2,,-5.04,,"42.139362,-71.396149",Comet GP-3,HorusDemodLib + RTLSDR (432.625 MHz),2025-06-21T18:13:06.101714Z,5B03DF02120D01A13829429D3F8EC20D460E100B460000720006310300003241
2025-06-21T18:12:46.000000Z,APEX-2-T,42.3062744140625,-71.1245346069336,17838,0.0,1.3725490196078431,6,83.0,11.4,732,16,31,11,2025-06-21T18:12:51.736493,0.0,W0MXX-HOME,horusdemodlib,0.3.13,432.625867,Horus Binary v2,,0.88,,"42.139362,-71.396149",Comet GP-3,HorusDemodLib + RTLSDR (432.625 MHz),2025-06-21T18:12:51.095757Z,5B03DC02120C2EA0392942C33F8EC2AE451F100B4600007200063E030000D169
2025-06-21T18:12:51.000000Z,APEX-2-T,42.305824279785156,-71.12438201904297,17874,0.0,1.3725490196078431,5,82.5,11.4,733,16,34,11,2025-06-21T18:12:57.896357,0.0,W0MXX-HOME,horusdemodlib,0.3.13,432.625876,Horus Binary v2,,6.08,,"42.139362,-71.396149",Comet GP-3,HorusDemodLib + RTLSDR (432.625 MHz),2025-06-21T18:12:56.126344Z,5B03DD02120C332A392942AF3F8EC2D24522100B46000072000539030000A4FC
2025-06-21T18:12:41.000000Z,APEX-2-T,42.306671142578125,-71.12454986572266,17780,0.0,1.3529411764705883,6,83.6,11.5,731,16,18,11,2025-06-21T18:12:47.594777,0.0,W0MXX-HOME,horusdemodlib,0.3.13,432.625876,Horus Binary v2,,-2.7,,"42.139362,-71.396149",Comet GP-3,HorusDemodLib + RTLSDR (432.625 MHz),2025-06-21T18:12:46.139297Z,5B03DB02120C29083A2942C53F8EC2744512100B45000073000644030000F398
2025-06-21T18:12:21.000000Z,APEX-2-T,42.3076286315918,-71.1244125366211,17607,0.0,1.3725490196078431,6,86.0,11.6,727,16,34,11,2025-06-21T18:12:27.421109,0.0,W0MXX-HOME,horusdemodlib,0.3.13,432.625866,Horus Binary v2,,0.6,,"42.139362,-71.396149",Comet GP-3,HorusDemodLib + RTLSDR (432.625 MHz),2025-06-21T18:12:26.008958Z,5B03D702120C15033B2942B33F8EC2C74422100B4600007400065C0300007437
2025-06-21T18:13:16.000000Z,APEX-2-T,42.3050422668457,-71.12409973144531,18024,0.0,1.3725490196078431,6,80.6,11.3,738,16,12,11,2025-06-21T18:13:22.354004,0.0,W0MXX-HOME,horusdemodlib,0.3.13,432.625867,Horus Binary v2,,-2.92,,"42.139362,-71.396149",Comet GP-3,HorusDemodLib + RTLSDR (432.625 MHz),2025-06-21T18:13:21.217047Z,5B03E202120D105D3829428A3F8EC268460C100B460000710006260300001B01
2025-06-21T18:13:21.000000Z,APEX-2-T,42.30488967895508,-71.12417602539062,18059,0.0,1.3725490196078431,6,80.2,11.3,739,16,10,11,2025-06-21T18:13:26.482345,0.0,W0MXX-HOME,horusdemodlib,0.3.13,432.625867,Horus Binary v2,,2.11,,"42.139362,-71.396149",Comet GP-3,HorusDemodLib + RTLSDR (432.625 MHz),2025-06-21T18:13:26.240983Z,5B03E302120D1535382942943F8EC28B460A100B460000710006220300005C76
2025-06-21T18:13:51.000000Z,APEX-2-T,42.3045654296875,-71.12387084960938,18247,0.0,1.3725490196078431,6,77.8,11.1,745,16,3,11,2025-06-21T18:13:56.635986,0.0,W0MXX-HOME,horusdemodlib,0.3.13,432.625861,Horus Binary v2,,2.14,,"42.139362,-71.396149",Comet GP-3,HorusDemodLib + RTLSDR (432.625 MHz),2025-06-21T18:13:56.277880Z,5B03E902120D33E03729426C3F8EC2474703100B4600006F00060A0300004426
2025-06-21T18:14:21.000000Z,APEX-2-T,42.304080963134766,-71.12238311767578,18423,0.0,1.3725490196078431,6,75.7,11.0,751,21,22,11,2025-06-21T18:14:26.927470,0.0,W0MXX-HOME,horusdemodlib,0.3.13,432.62587,Horus Binary v2,,-2.28,,"42.139362,-71.396149",Comet GP-3,HorusDemodLib + RTLSDR (432.625 MHz),2025-06-21T18:14:26.321945Z,5B03EF02120E1561372942A93E8EC2F74716150B4600006E0006F5020000FFD9
2025-06-21T18:14:11.000000Z,APEX-2-T,42.304298400878906,-71.1229248046875,18368,0.0,1.3529411764705883,6,76.4,11.1,749,21,19,11,2025-06-21T18:14:16.798952,0.0,W0MXX-HOME,horusdemodlib,0.3.13,432.625869,Horus Binary v2,,0.16,,"42.139362,-71.396149",Comet GP-3,HorusDemodLib + RTLSDR (432.625 MHz),2025-06-21T18:14:16.341366Z,5B03ED02120E0B9A372942F03E8EC2C04713150B4500006F0006FC02000054D1
2025-06-21T18:15:01.000000Z,APEX-2-T,42.30231475830078,-71.12096405029297,18638,0.0,1.3725490196078431,6,73.2,10.9,759,21,34,10,2025-06-21T18:15:07.116622,0.0,W0MXX-HOME,horusdemodlib,0.3.13,432.62586,Horus Binary v2,,4.95,,"42.139362,-71.396149",Comet GP-3,HorusDemodLib + RTLSDR (432.625 MHz),2025-06-21T18:15:06.433795Z,5B03F702120F0192352942EF3D8EC2CE4822150A4600006D0006DC0200002635
2025-06-21T18:15:05.000000Z,APEX-2-T,42.30217742919922,-71.12073516845703,18659,0.0,1.3725490196078431,6,72.8,10.9,760,21,21,10,2025-06-21T18:15:13.234293,0.0,W0MXX-HOME,horusdemodlib,0.3.13,432.625873,Horus Binary v2,,-2.07,,"42.139362,-71.396149",Comet GP-3,HorusDemodLib + RTLSDR (432.625 MHz),2025-06-21T18:15:11.470231Z,5B03F802120F056E352942D13D8EC2E34815150A4600006D0006D8020000412C
2025-06-21T18:15:41.000000Z,APEX-2-T,42.30044937133789,-71.12020874023438,18855,0.0,1.3529411764705883,5,70.7,10.9,767,22,6,10,2025-06-21T18:15:47.423282,0.0,W0MXX-HOME,horusdemodlib,0.3.13,432.625867,Horus Binary v2,,-6.13,,"42.139362,-71.396149",Comet GP-3,HorusDemodLib + RTLSDR (432.625 MHz),2025-06-21T18:15:46.021529Z,5B03FF02120F29A93329428C3D8EC2A74906160A4500006D0005C30200007099
2025-06-21T18:36:56.000000Z,APEX-2-T,42.29570388793945,-71.18843078613281,26113,0.0,1.3725490196078431,6,24.1,17.6,1022,21,10,17,2025-06-21T18:37:03.378545,0.0,W0MXX-HOME,horusdemodlib,0.3.13,432.625872,Horus Binary v2,,1.88,,"42.139362,-71.396149",Comet GP-3,HorusDemodLib + RTLSDR (432.625 MHz),2025-06-21T18:37:01.408391Z,5B03FE03122438CD2E29427A608EC201660A1511460000B00006F100000094FE
2025-06-21T18:37:31.000000Z,APEX-2-T,42.29627990722656,-71.189208984375,26327,0.0,1.3529411764705883,6,23.4,17.8,1029,21,28,17,2025-06-21T18:37:37.847864,0.0,W0MXX-HOME,horusdemodlib,0.3.13,432.625879,Horus Binary v2,,-6.67,,"42.139362,-71.396149",Comet GP-3,HorusDemodLib + RTLSDR (432.625 MHz),2025-06-21T18:37:35.969607Z,5B03050412251F642F2942E0608EC2D7661C1511450000B20006EA0000004D2C
2025-06-21T18:37:01.000000Z,APEX-2-T,42.295806884765625,-71.18842315673828,26141,0.0,1.3725490196078431,6,24.0,17.6,1023,21,15,17,2025-06-21T18:37:07.542444,0.0,W0MXX-HOME,horusdemodlib,0.3.13,432.625866,Horus Binary v2,,1.88,,"42.139362,-71.396149",Comet GP-3,HorusDemodLib + RTLSDR (432.625 MHz),2025-06-21T18:37:06.456279Z,5B03FF03122501E82E294279608EC21D660F1511460000B00006F000000096F7
2025-06-21T18:37:06.000000Z,APEX-2-T,42.29584884643555,-71.18850708007812,26173,0.0,1.3725490196078431,6,23.8,17.7,1024,21,6,17,2025-06-21T18:37:11.687675,0.0,W0MXX-HOME,horusdemodlib,0.3.13,432.625882,Horus Binary v2,,1.87,,"42.139362,-71.396149",Comet GP-3,HorusDemodLib + RTLSDR (432.625 MHz),2025-06-21T18:37:11.491926Z,5B030004122506F32E294284608EC23D66061511460000B10006EE00000019F4
2025-06-21T18:38:36.000000Z,APEX-2-T,42.29668045043945,-71.19341278076172,26721,0.0,1.3529411764705883,6,22.1,18.3,1042,21,19,18,2025-06-21T18:38:42.050034,0.0,W0MXX-HOME,horusdemodlib,0.3.13,432.625882,Horus Binary v2,,2.27,,"42.139362,-71.396149",Comet GP-3,HorusDemodLib + RTLSDR (432.625 MHz),2025-06-21T18:38:41.080248Z,5B031204122624CD2F294207638EC26168131512450000B70006DD000000B1CE
2025-06-21T18:39:05.000000Z,APEX-2-T,42.29755783081055,-71.19590759277344,26894,0.0,1.3725490196078431,6,21.5,18.5,1048,21,20,18,2025-06-21T18:39:12.241191,0.0,W0MXX-HOME,horusdemodlib,0.3.13,432.625883,Horus Binary v2,,-3.22,,"42.139362,-71.396149",Comet GP-3,HorusDemodLib + RTLSDR (432.625 MHz),2025-06-21T18:39:11.212649Z,5B031804122705B33029424E648EC20E69141512460000B90006D70000006DB9
2025-06-21T18:39:36.000000Z,APEX-2-T,42.29814147949219,-71.19786834716797,27074,0.0,1.3725490196078431,5,21.0,18.7,1054,21,2,18,2025-06-21T18:39:42.439255,0.0,W0MXX-HOME,horusdemodlib,0.3.13,432.625877,Horus Binary v2,,-4.64,,"42.139362,-71.396149",Comet GP-3,HorusDemodLib + RTLSDR (432.625 MHz),2025-06-21T18:39:41.151391Z,5B031E041227244C3129424F658EC2C269021512460000BB0005D2000000F9CE
2025-06-21T18:40:36.000000Z,APEX-2-T,42.297786712646484,-71.2018814086914,27453,0.0,1.3725490196078431,5,20.0,19.0,1066,21,25,19,2025-06-21T18:40:42.645542,0.0,W0MXX-HOME,horusdemodlib,0.3.13,432.625891,Horus Binary v2,,0.77,,"42.139362,-71.396149",Comet GP-3,HorusDemodLib + RTLSDR (432.625 MHz),2025-06-21T18:40:41.323639Z,5B032A04122824EF3029425D678EC23D6B191513460000BE0005C8000000E57B
2025-06-21T18:41:41.000000Z,APEX-2-T,42.29795455932617,-71.21047973632812,27853,0.0,1.3725490196078431,5,18.8,19.5,1079,21,57,19,2025-06-21T18:41:46.845953,0.0,W0MXX-HOME,horusdemodlib,0.3.13,432.625889,Horus Binary v2,,-3.32,,"42.139362,-71.396149",Comet GP-3,HorusDemodLib + RTLSDR (432.625 MHz),2025-06-21T18:41:46.347391Z,5B0337041229291B312942C46B8EC2CD6C391513460000C30005BC0000005F86
2025-06-21T18:42:11.000000Z,APEX-2-T,42.29783630371094,-71.21574401855469,28033,0.0,1.3725490196078431,6,18.4,19.8,1085,21,53,19,2025-06-21T18:42:17.017320,0.0,W0MXX-HOME,horusdemodlib,0.3.13,432.625892,Horus Binary v2,,-1.72,,"42.139362,-71.396149",Comet GP-3,HorusDemodLib + RTLSDR (432.625 MHz),2025-06-21T18:42:16.389967Z,5B033D04122A0BFC302942766E8EC2816D351513460000C60006B8000000AC7F
2025-06-21T18:43:41.000000Z,APEX-2-T,42.29835510253906,-71.2322998046875,28557,0.0,1.3725490196078431,5,17.1,20.4,1103,21,38,20,2025-06-21T18:43:47.516434,0.0,W0MXX-HOME,horusdemodlib,0.3.13,432.625898,Horus Binary v2,,-8.09,,"42.139362,-71.396149",Comet GP-3,HorusDemodLib + RTLSDR (432.625 MHz),2025-06-21T18:43:45.988453Z,5B034F04122B2984312942F0768EC28D6F261514460000CC0005AB0000003924
2025-06-21T18:43:11.000000Z,APEX-2-T,42.2979736328125,-71.22704315185547,28391,0.0,1.3725490196078431,5,17.6,20.2,1097,21,54,20,2025-06-21T18:43:17.356163,0.0,W0MXX-HOME,horusdemodlib,0.3.13,432.625886,Horus Binary v2,,-6.24,,"42.139362,-71.396149",Comet GP-3,HorusDemodLib + RTLSDR (432.625 MHz),2025-06-21T18:43:16.451434Z,5B034904122B0B203129423F748EC2E76E361514460000CA0005B0000000877B
2025-06-21T18:44:46.000000Z,APEX-2-T,42.298912048339844,-71.2408676147461,28921,0.0,1.3725490196078431,5,16.4,20.9,1116,21,41,20,2025-06-21T18:44:51.727347,0.0,W0MXX-HOME,horusdemodlib,0.3.13,432.625896,Horus Binary v2,,-1.62,,"42.139362,-71.396149",Comet GP-3,HorusDemodLib + RTLSDR (432.625 MHz),2025-06-21T18:44:51.181055Z,5B035C04122C2E16322942537B8EC2F970291514460000D10005A4000000C234
2025-06-21T18:44:51.000000Z,APEX-2-T,42.298973083496094,-71.24162292480469,28951,0.0,1.3725490196078431,5,16.3,20.9,1117,21,44,20,2025-06-21T18:44:57.851421,0.0,W0MXX-HOME,horusdemodlib,0.3.13,432.625905,Horus Binary v2,,-1.62,,"42.139362,-71.396149",Comet GP-3,HorusDemodLib + RTLSDR (432.625 MHz),2025-06-21T18:44:56.125624Z,5B035D04122C3326322942B67B8EC217712C1514460000D10005A30000000D9E
2025-06-21T18:45:16.000000Z,APEX-2-T,42.299102783203125,-71.24542999267578,29106,0.0,1.3725490196078431,5,15.9,21.2,1122,21,40,21,2025-06-21T18:45:21.998231,0.0,W0MXX-HOME,horusdemodlib,0.3.13,432.625895,Horus Binary v2,,-1.94,,"42.139362,-71.396149",Comet GP-3,HorusDemodLib + RTLSDR (432.625 MHz),2025-06-21T18:45:21.214170Z,5B036204122D1048322942A97D8EC2B271281515460000D400059F0000002D24
2025-06-21T18:46:11.000000Z,APEX-2-T,42.299983978271484,-71.2532958984375,29447,0.0,1.3725490196078431,5,15.2,21.8,1133,21,47,21,2025-06-21T18:46:16.672605,0.0,W0MXX-HOME,horusdemodlib,0.3.13,432.625895,Horus Binary v2,,3.18,,"42.139362,-71.396149",Comet GP-3,HorusDemodLib + RTLSDR (432.625 MHz),2025-06-21T18:46:16.348450Z,5B036D04122E0B2F332942B0818EC207732F1515460000DA000598000000B6FE
2025-06-21T18:45:56.000000Z,APEX-2-T,42.29987335205078,-71.25115966796875,29355,0.0,1.3725490196078431,5,15.4,21.7,1130,21,42,21,2025-06-21T18:46:02.469296,0.0,W0MXX-HOME,horusdemodlib,0.3.13,432.625899,Horus Binary v2,,-0.77,,"42.139362,-71.396149",Comet GP-3,HorusDemodLib + RTLSDR (432.625 MHz),2025-06-21T18:46:01.241005Z,5B036A04122D381233294298808EC2AB722A1515460000D900059A000000D084
2025-06-21T18:45:36.000000Z,APEX-2-T,42.29957962036133,-71.2485580444336,29227,0.0,1.3725490196078431,5,15.6,21.4,1126,21,39,21,2025-06-21T18:45:42.171604,0.0,W0MXX-HOME,horusdemodlib,0.3.13,432.625894,Horus Binary v2,,-5.02,,"42.139362,-71.396149",Comet GP-3,HorusDemodLib + RTLSDR (432.625 MHz),2025-06-21T18:45:41.270950Z,5B036604122D24C5322942437F8EC22B72271515460000D600059C000000A21B
2025-06-21T18:45:46.000000Z,APEX-2-T,42.299739837646484,-71.24988555908203,29293,0.0,1.3725490196078431,5,15.5,21.6,1128,21,37,21,2025-06-21T18:45:52.299973,0.0,W0MXX-HOME,horusdemodlib,0.3.13,432.625901,Horus Binary v2,,6.13,,"42.139362,-71.396149",Comet GP-3,HorusDemodLib + RTLSDR (432.625 MHz),2025-06-21T18:45:51.255081Z,5B036804122D2EEF322942F17F8EC26D72251515460000D800059B00000095FB
2025-06-21T18:46:16.000000Z,APEX-2-T,42.30005645751953,-71.25402069091797,29477,0.0,1.3725490196078431,5,15.2,21.9,1134,22,54,21,2025-06-21T18:46:22.797855,0.0,W0MXX-HOME,horusdemodlib,0.3.13,432.625908,Horus Binary v2,,3.18,,"42.139362,-71.396149",Comet GP-3,HorusDemodLib + RTLSDR (432.625 MHz),2025-06-21T18:46:21.286527Z,5B036E04122E10423329420F828EC22573361615460000DB000598000000AF27
2025-06-21T18:46:21.000000Z,APEX-2-T,42.299949645996094,-71.25477600097656,29510,0.0,1.3725490196078431,5,15.1,22.0,1135,22,39,22,2025-06-21T18:46:26.948371,0.0,W0MXX-HOME,horusdemodlib,0.3.13,432.625901,Horus Binary v2,,-5.94,,"42.139362,-71.396149",Comet GP-3,HorusDemodLib + RTLSDR (432.625 MHz),2025-06-21T18:46:26.329124Z,5B036F04122E152633294272828EC24673271616460000DC0005970000001FE8
2025-06-21T19:03:16.000000Z,APEX-2-T,42.184391021728516,-71.23794555664062,11403,0.0,1.3333333333333333,6,228.2,6.8,1337,21,213,6,2025-06-21T19:03:21.985120,0.0,W0MXX-HOME,horusdemodlib,0.3.13,432.625904,Horus Binary v2,,-12.47,,"42.139362,-71.396149",Comet GP-3,HorusDemodLib + RTLSDR (432.625 MHz),2025-06-21T19:03:21.200867Z,5B033905130310D1BC2842D4798EC28B2CD51506440000440006EA08000057C9
2025-06-21T19:02:51.000000Z,APEX-2-T,42.196475982666016,-71.243408203125,11696,0.0,1.3137254901960784,6,218.2,7.3,1332,22,214,7,2025-06-21T19:02:57.845449,0.0,W0MXX-HOME,horusdemodlib,0.3.13,432.625908,Horus Binary v2,,-6.65,,"42.139362,-71.396149",Comet GP-3,HorusDemodLib + RTLSDR (432.625 MHz),2025-06-21T19:02:56.114818Z,5B03340513023331C92842A07C8EC2B02DD61607430000490006860800006E6A
2025-06-21T19:04:01.000000Z,APEX-2-T,42.16251754760742,-71.22998809814453,10895,0.0,1.3333333333333333,6,246.4,6.0,1346,15,196,6,2025-06-21T19:04:08.177991,0.0,W0MXX-HOME,horusdemodlib,0.3.13,432.625899,Horus Binary v2,,-10.08,,"42.139362,-71.396149",Comet GP-3,HorusDemodLib + RTLSDR (432.625 MHz),2025-06-21T19:04:06.249568Z,5B0342051304016BA62842C1758EC28F2AC40F064400003C0006A00900000561
2025-06-21T19:04:21.000000Z,APEX-2-T,42.15291213989258,-71.22702026367188,10676,0.0,1.3333333333333333,6,254.5,5.7,1350,15,199,5,2025-06-21T19:04:28.328277,0.0,W0MXX-HOME,horusdemodlib,0.3.13,432.625898,Horus Binary v2,,-7.45,,"42.139362,-71.396149",Comet GP-3,HorusDemodLib + RTLSDR (432.625 MHz),2025-06-21T19:04:26.312265Z,5B034605130415959C28423C748EC2B429C70F05440000390006F10900007ECB
2025-06-21T19:05:06.000000Z,APEX-2-T,42.13188171386719,-71.22117614746094,10209,0.0,1.3137254901960784,7,272.1,5.4,1359,15,185,5,2025-06-21T19:05:12.776834,0.0,W0MXX-HOME,horusdemodlib,0.3.13,432.625877,Horus Binary v2,,-7.91,,"42.139362,-71.396149",Comet GP-3,HorusDemodLib + RTLSDR (432.625 MHz),2025-06-21T19:05:11.368791Z,5B034F051305060C8728423E718EC2E127B90F05430000360007A10A00008FE4
2025-06-21T19:04:51.000000Z,APEX-2-T,42.13890075683594,-71.2227554321289,10359,0.0,1.3333333333333333,7,266.5,5.5,1356,15,177,5,2025-06-21T19:04:56.485333,0.0,W0MXX-HOME,horusdemodlib,0.3.13,432.625883,Horus Binary v2,,-8.35,,"42.139362,-71.396149",Comet GP-3,HorusDemodLib + RTLSDR (432.625 MHz),2025-06-21T19:04:56.349126Z,5B034C051304333C8E28420D728EC27728B10F05440000370007690A00003168
2025-06-21T19:05:21.000000Z,APEX-2-T,42.12482833862305,-71.21955108642578,10058,0.0,1.3137254901960784,7,278.3,5.5,1362,15,182,5,2025-06-21T19:05:26.907300,0.0,W0MXX-HOME,horusdemodlib,0.3.13,432.625875,Horus Binary v2,,-5.47,,"42.139362,-71.396149",Comet GP-3,HorusDemodLib + RTLSDR (432.625 MHz),2025-06-21T19:05:26.386060Z,5B035205130515D37F284269708EC24A27B60F05430000370007DF0A0000700E
2025-06-21T19:05:01.000000Z,APEX-2-T,42.13417434692383,-71.22159576416016,10260,0.0,1.3333333333333333,7,270.3,5.5,1358,15,186,5,2025-06-21T19:05:06.631279,0.0,W0MXX-HOME,horusdemodlib,0.3.13,432.625882,Horus Binary v2,,-7.91,,"42.139362,-71.396149",Comet GP-3,HorusDemodLib + RTLSDR (432.625 MHz),2025-06-21T19:05:06.420029Z,5B034E051305016589284275718EC21428BA0F054400003700078F0A00008265
2025-06-21T19:05:41.000000Z,APEX-2-T,42.115501403808594,-71.21783447265625,9860,0.0,1.3137254901960784,7,286.0,5.6,1366,15,196,5,2025-06-21T19:05:47.062668,0.0,W0MXX-HOME,horusdemodlib,0.3.13,432.625867,Horus Binary v2,,-7.13,,"42.139362,-71.396149",Comet GP-3,HorusDemodLib + RTLSDR (432.625 MHz),2025-06-21T19:05:46.441557Z,5B03560513052946762842886F8EC28426C40F054300003800072C0B0000F1E1
2025-06-21T19:05:46.000000Z,APEX-2-T,42.113189697265625,-71.21734619140625,9810,0.0,1.3137254901960784,7,288.2,5.6,1367,15,179,5,2025-06-21T19:05:53.267412,0.0,W0MXX-HOME,horusdemodlib,0.3.13,432.62587,Horus Binary v2,,-7.2,,"42.139362,-71.396149",Comet GP-3,HorusDemodLib + RTLSDR (432.625 MHz),2025-06-21T19:05:51.463335Z,5B03570513052EE8732842486F8EC25226B30F05430000380007420B000063CA
2025-06-21T19:06:01.000000Z,APEX-2-T,42.10670852661133,-71.21612548828125,9671,0.0,1.3137254901960784,7,294.0,5.6,1370,15,165,5,2025-06-21T19:06:07.543549,0.0,W0MXX-HOME,horusdemodlib,0.3.13,432.62587,Horus Binary v2,,-7.19,,"42.139362,-71.396149",Comet GP-3,HorusDemodLib + RTLSDR (432.625 MHz),2025-06-21T19:06:05.983655Z,5B035A05130601456D2842A86E8EC2C725A50F054300003800077C0B000017C8
2025-06-21T19:06:06.000000Z,APEX-2-T,42.1046142578125,-71.21585845947266,9625,0.0,1.3333333333333333,7,296.0,5.7,1371,16,173,5,2025-06-21T19:06:11.690971,0.0,W0MXX-HOME,horusdemodlib,0.3.13,432.625874,Horus Binary v2,,-5.25,,"42.139362,-71.396149",Comet GP-3,HorusDemodLib + RTLSDR (432.625 MHz),2025-06-21T19:06:11.017708Z,5B035B05130606206B2842856E8EC29925AD1005440000390007900B0000CAE6
2025-06-21T19:06:16.000000Z,APEX-2-T,42.10036849975586,-71.21519470214844,9532,0.0,1.3137254901960784,7,299.8,5.7,1373,16,165,5,2025-06-21T19:06:21.856050,0.0,W0MXX-HOME,horusdemodlib,0.3.13,432.62587,Horus Binary v2,,-3.94,,"42.139362,-71.396149",Comet GP-3,HorusDemodLib + RTLSDR (432.625 MHz),2025-06-21T19:06:21.003692Z,5B035D05130610C76628422E6E8EC23C25A51005430000390007B60B000016A9
2025-06-21T19:05:51.000000Z,APEX-2-T,42.11090850830078,-71.21694946289062,9761,0.0,1.3137254901960784,7,290.2,5.6,1368,15,186,5,2025-06-21T19:05:57.388218,0.0,W0MXX-HOME,horusdemodlib,0.3.13,432.625863,Horus Binary v2,,-7.13,,"42.139362,-71.396149",Comet GP-3,HorusDemodLib + RTLSDR (432.625 MHz),2025-06-21T19:05:56.510710Z,5B03580513053392712842146F8EC22126BA0F05430000380007560B00006136
2025-06-21T19:06:21.000000Z,APEX-2-T,42.098289489746094,-71.2147445678711,9486,0.0,1.3137254901960784,7,301.7,5.7,1374,16,164,5,2025-06-21T19:06:27.979661,0.0,W0MXX-HOME,horusdemodlib,0.3.13,432.625867,Horus Binary v2,,-3.94,,"42.139362,-71.396149",Comet GP-3,HorusDemodLib + RTLSDR (432.625 MHz),2025-06-21T19:06:26.038108Z,5B035E05130615A6642842F36D8EC20E25A41005430000390007C90B00003918
2025-06-21T19:06:51.000000Z,APEX-2-T,42.0872802734375,-71.21204376220703,9216,0.0,1.3137254901960784,7,313.8,6.0,1380,16,146,6,2025-06-21T19:06:56.556167,0.0,W0MXX-HOME,horusdemodlib,0.3.13,432.625864,Horus Binary v2,,-10.44,,"42.139362,-71.396149",Comet GP-3,HorusDemodLib + RTLSDR (432.625 MHz),2025-06-21T19:06:56.158540Z,5B03640513063360592842916C8EC200249210064300003C0007420C00004B37
2025-06-21T19:06:31.000000Z,APEX-2-T,42.0944709777832,-71.21398162841797,9394,0.0,1.3137254901960784,7,305.8,5.8,1376,16,148,5,2025-06-21T19:06:36.268879,0.0,W0MXX-HOME,horusdemodlib,0.3.13,432.62586,Horus Binary v2,,-7.2,,"42.139362,-71.396149",Comet GP-3,HorusDemodLib + RTLSDR (432.625 MHz),2025-06-21T19:06:36.105556Z,5B03600513061FBD6028428F6D8EC2B2249410054300003A0007F20B0000E872
2025-06-21T19:06:26.000000Z,APEX-2-T,42.096378326416016,-71.21439361572266,9441,0.0,1.3137254901960784,7,303.9,5.7,1375,16,151,5,2025-06-21T19:06:32.106121,0.0,W0MXX-HOME,horusdemodlib,0.3.13,432.625877,Horus Binary v2,,-7.54,,"42.139362,-71.396149",Comet GP-3,HorusDemodLib + RTLSDR (432.625 MHz),2025-06-21T19:06:31.068613Z,5B035F0513061AB1622842C56D8EC2E124971005430000390007DF0B000016CD
2025-06-21T19:06:36.000000Z,APEX-2-T,42.092586517333984,-71.21358489990234,9349,0.0,1.3333333333333333,7,307.8,5.8,1377,16,147,5,2025-06-21T19:06:42.406646,0.0,W0MXX-HOME,horusdemodlib,0.3.13,432.625864,Horus Binary v2,,-9.13,,"42.139362,-71.396149",Comet GP-3,HorusDemodLib + RTLSDR (432.625 MHz),2025-06-21T19:06:41.054079Z,5B036105130624CF5E28425B6D8EC285249310054400003A0007060C0000704F
2025-06-21T19:07:51.000000Z,APEX-2-T,42.06881332397461,-71.205322265625,8670,0.0,1.2941176470588236,6,338.7,6.3,1392,16,111,6,2025-06-21T19:07:57.647967,0.0,W0MXX-HOME,horusdemodlib,0.3.13,432.62587,Horus Binary v2,,-10.87,,"42.139362,-71.396149",Comet GP-3,HorusDemodLib + RTLSDR (432.625 MHz),2025-06-21T19:07:56.316022Z,5B0370051307337746284220698EC2DE216F10064200003F00063B0D0000473F
2025-06-21T19:07:56.000000Z,APEX-2-T,42.06753158569336,-71.20503234863281,8627,0.0,1.3137254901960784,6,340.7,6.3,1393,16,103,6,2025-06-21T19:08:01.769282,0.0,W0MXX-HOME,horusdemodlib,0.3.13,432.625864,Horus Binary v2,,-7.91,,"42.139362,-71.396149",Comet GP-3,HorusDemodLib + RTLSDR (432.625 MHz),2025-06-21T19:08:01.354149Z,5B03710513073827452842FA688EC2B3216710064300003F00064F0D0000544B
2025-06-21T19:07:16.000000Z,APEX-2-T,42.0789680480957,-71.20854187011719,8985,0.0,1.3137254901960784,6,324.0,6.1,1385,16,142,6,2025-06-21T19:07:23.148834,0.0,W0MXX-HOME,horusdemodlib,0.3.13,432.625854,Horus Binary v2,,-6.45,,"42.139362,-71.396149",Comet GP-3,HorusDemodLib + RTLSDR (432.625 MHz),2025-06-21T19:07:21.158270Z,5B036905130710DD502842C66A8EC219238E10064300003D0006A80C000081BA
2025-06-21T19:07:01.000000Z,APEX-2-T,42.08385467529297,-71.21062469482422,9125,0.0,1.3137254901960784,7,317.9,6.0,1382,16,144,6,2025-06-21T19:07:06.843922,0.0,W0MXX-HOME,horusdemodlib,0.3.13,432.625853,Horus Binary v2,,-11.65,,"42.139362,-71.396149",Comet GP-3,HorusDemodLib + RTLSDR (432.625 MHz),2025-06-21T19:07:06.136075Z,5B036605130701DE552842D76B8EC2A5239010064300003C00076B0C0000FDEE
2025-06-21T19:06:56.000000Z,APEX-2-T,42.085575103759766,-71.21135711669922,9171,0.0,1.3137254901960784,6,315.8,6.0,1381,16,134,6,2025-06-21T19:07:02.710820,0.0,W0MXX-HOME,horusdemodlib,0.3.13,432.625851,Horus Binary v2,,-6.52,,"42.139362,-71.396149",Comet GP-3,HorusDemodLib + RTLSDR (432.625 MHz),2025-06-21T19:07:01.193316Z,5B036505130638A1572842376C8EC2D3238610064300003C0006560C00002C2A
2025-06-21T19:07:41.000000Z,APEX-2-T,42.07149124145508,-71.20596313476562,8762,0.0,1.3137254901960784,6,334.4,6.3,1390,16,108,6,2025-06-21T19:07:47.404390,0.0,W0MXX-HOME,horusdemodlib,0.3.13,432.625867,Horus Binary v2,,-10.41,,"42.139362,-71.396149",Comet GP-3,HorusDemodLib + RTLSDR (432.625 MHz),2025-06-21T19:07:46.247635Z,5B036E051307293549284274698EC23A226C10064300003F0006100D00000DBE
2025-06-21T19:07:46.000000Z,APEX-2-T,42.07012176513672,-71.20563507080078,8715,0.0,1.3137254901960784,6,336.6,6.3,1391,16,112,6,2025-06-21T19:07:51.533293,0.0,W0MXX-HOME,horusdemodlib,0.3.13,432.625863,Horus Binary v2,,-4.98,,"42.139362,-71.396149",Comet GP-3,HorusDemodLib + RTLSDR (432.625 MHz),2025-06-21T19:07:51.280891Z,5B036F0513072ECE47284249698EC20B227010064300003F0006260D0000BFB0
2025-06-21T19:07:26.000000Z,APEX-2-T,42.07585525512695,-71.20733642578125,8897,0.0,1.3333333333333333,6,328.0,6.2,1387,16,123,6,2025-06-21T19:07:33.271118,0.0,W0MXX-HOME,horusdemodlib,0.3.13,432.625855,Horus Binary v2,,-8.21,,"42.139362,-71.396149",Comet GP-3,HorusDemodLib + RTLSDR (432.625 MHz),2025-06-21T19:07:31.224525Z,5B036B0513071AAD4D2842286A8EC2C1227B10064400003E0006D00C00008831
2025-06-21T19:08:01.000000Z,APEX-2-T,42.0662727355957,-71.20491790771484,8582,0.0,1.3137254901960784,6,342.6,6.3,1394,16,104,6,2025-06-21T19:08:07.893822,0.0,W0MXX-HOME,horusdemodlib,0.3.13,432.625872,Horus Binary v2,,-5.03,,"42.139362,-71.396149",Comet GP-3,HorusDemodLib + RTLSDR (432.625 MHz),2025-06-21T19:08:06.374911Z,5B037205130801DD432842EB688EC286216810064300003F0006620D0000EFD7
2025-06-21T19:08:56.000000Z,APEX-2-T,42.05353546142578,-71.20133972167969,8110,0.0,1.3137254901960784,6,366.3,6.6,1405,16,97,6,2025-06-21T19:09:02.199149,0.0,W0MXX-HOME,horusdemodlib,0.3.13,432.625854,Horus Binary v2,,-9.68,,"42.139362,-71.396149",Comet GP-3,HorusDemodLib + RTLSDR (432.625 MHz),2025-06-21T19:09:01.514203Z,5B037D05130838D236284216678EC2AE1F6110064300004200064F0E00003FCA
2025-06-21T19:08:26.000000Z,APEX-2-T,42.06029510498047,-71.20402526855469,8368,0.0,1.2941176470588236,6,353.3,6.4,1399,16,88,6,2025-06-21T19:08:32.049264,0.0,W0MXX-HOME,horusdemodlib,0.3.13,432.62585,Horus Binary v2,,-8.51,,"42.139362,-71.396149",Comet GP-3,HorusDemodLib + RTLSDR (432.625 MHz),2025-06-21T19:08:31.389941Z,5B03770513081ABE3D284276688EC2B020581006420000400006CD0D00003940
2025-06-21T19:10:26.000000Z,APEX-2-T,42.032371520996094,-71.19023895263672,7330,0.0,1.3137254901960784,6,408.1,7.0,1423,17,93,7,2025-06-21T19:10:32.571016,0.0,W0MXX-HOME,horusdemodlib,0.3.13,432.625845,Horus Binary v2,,-2.14,,"42.139362,-71.396149",Comet GP-3,HorusDemodLib + RTLSDR (432.625 MHz),2025-06-21T19:10:31.110883Z,5B038F05130A1A2621284267618EC2A21C5D1107430000460006F10F0000648E
2025-06-21T19:10:56.000000Z,APEX-2-T,42.02620315551758,-71.18624114990234,7071,0.0,1.3333333333333333,6,422.9,7.2,1429,17,86,7,2025-06-21T19:11:03.223404,0.0,W0MXX-HOME,horusdemodlib,0.3.13,432.625844,Horus Binary v2,,-7.05,,"42.139362,-71.396149",Comet GP-3,HorusDemodLib + RTLSDR (432.625 MHz),2025-06-21T19:11:01.232187Z,5B039505130A38D51A28425B5F8EC29F1B561107440000480006851000002424
2025-06-21T19:10:21.000000Z,APEX-2-T,42.033504486083984,-71.19100189208984,7373,0.0,1.3137254901960784,6,405.7,6.9,1422,17,106,6,2025-06-21T19:10:26.462623,0.0,W0MXX-HOME,horusdemodlib,0.3.13,432.625842,Horus Binary v2,,-2.14,,"42.139362,-71.396149",Comet GP-3,HorusDemodLib + RTLSDR (432.625 MHz),2025-06-21T19:10:26.079836Z,5B038E05130A154F222842CB618EC2CD1C6A1106430000450006D90F0000A36C
2025-06-21T19:10:31.000000Z,APEX-2-T,42.031219482421875,-71.18955993652344,7286,0.0,1.2941176470588236,6,410.6,7.0,1424,17,101,7,2025-06-21T19:10:36.694592,0.0,W0MXX-HOME,horusdemodlib,0.3.13,432.625851,Horus Binary v2,,-5.36,,"42.139362,-71.396149",Comet GP-3,HorusDemodLib + RTLSDR (432.625 MHz),2025-06-21T19:10:36.144729Z,5B039005130A1FF81F28420E618EC2761C6511074200004600060A100000ADF3
2025-06-21T19:10:41.000000Z,APEX-2-T,42.02912521362305,-71.18827056884766,7201,0.0,1.3137254901960784,6,415.4,7.1,1426,17,91,7,2025-06-21T19:10:46.823431,0.0,W0MXX-HOME,horusdemodlib,0.3.13,432.625845,Horus Binary v2,,-1.08,,"42.139362,-71.396149",Comet GP-3,HorusDemodLib + RTLSDR (432.625 MHz),2025-06-21T19:10:46.121228Z,5B039205130A29D31D284265608EC2211C5B11074300004700063A100000F52F
2025-06-21T19:10:51.000000Z,APEX-2-T,42.02714538574219,-71.18698120117188,7114,0.0,1.3137254901960784,6,420.4,7.1,1428,17,89,7,2025-06-21T19:10:57.074221,0.0,W0MXX-HOME,horusdemodlib,0.3.13,432.625831,Horus Binary v2,,-7.81,,"42.139362,-71.396149",Comet GP-3,HorusDemodLib + RTLSDR (432.625 MHz),2025-06-21T19:10:56.204418Z,5B039405130A33CC1B2842BC5F8EC2CA1B5911074300004700066C1000001BA9
2025-06-21T19:10:46.000000Z,APEX-2-T,42.028114318847656,-71.18761444091797,7157,0.0,1.3137254901960784,6,417.9,7.1,1427,17,92,7,2025-06-21T19:10:52.948378,0.0,W0MXX-HOME,horusdemodlib,0.3.13,432.625845,Horus Binary v2,,-9.08,,"42.139362,-71.396149",Comet GP-3,HorusDemodLib + RTLSDR (432.625 MHz),2025-06-21T19:10:51.167636Z,5B039305130A2ECA1C28420F608EC2F51B5C1107430000470006531000009188
2025-06-21T19:11:11.000000Z,APEX-2-T,42.02342224121094,-71.18416595458984,6939,0.0,1.3137254901960784,6,430.2,7.2,1432,17,92,7,2025-06-21T19:11:17.457797,0.0,W0MXX-HOME,horusdemodlib,0.3.13,432.625842,Horus Binary v2,,-2.54,,"42.139362,-71.396149",Comet GP-3,HorusDemodLib + RTLSDR (432.625 MHz),2025-06-21T19:11:16.258819Z,5B039805130B0BFC1728424B5E8EC21B1B5C1107430000480006CE100000EA11
2025-06-21T19:11:16.000000Z,APEX-2-T,42.0225715637207,-71.18342590332031,6894,0.0,1.3137254901960784,6,432.9,7.3,1433,17,73,7,2025-06-21T19:11:21.597698,0.0,W0MXX-HOME,horusdemodlib,0.3.13,432.625841,Horus Binary v2,,-5.79,,"42.139362,-71.396149",Comet GP-3,HorusDemodLib + RTLSDR (432.625 MHz),2025-06-21T19:11:21.286805Z,5B039905130B101D172842EA5D8EC2EE1A491107430000490006E91000007394
2025-06-21T19:11:26.000000Z,APEX-2-T,42.020751953125,-71.18196105957031,6806,0.0,1.3137254901960784,6,437.9,7.3,1435,17,83,7,2025-06-21T19:11:31.860915,0.0,W0MXX-HOME,horusdemodlib,0.3.13,432.625836,Horus Binary v2,,-3.15,,"42.139362,-71.396149",Comet GP-3,HorusDemodLib + RTLSDR (432.625 MHz),2025-06-21T19:11:31.274692Z,5B039B05130B1A401528422A5D8EC2961A5311074300004900061B1100001597
2025-06-21T19:11:31.000000Z,APEX-2-T,42.01992416381836,-71.18126678466797,6764,0.0,1.3333333333333333,6,440.4,7.4,1436,17,77,7,2025-06-21T19:11:37.995930,0.0,W0MXX-HOME,horusdemodlib,0.3.13,432.625838,Horus Binary v2,,-4.75,,"42.139362,-71.396149",Comet GP-3,HorusDemodLib + RTLSDR (432.625 MHz),2025-06-21T19:11:36.309002Z,5B039C05130B1F67142842CF5C8EC26C1A4D11074400004A000634110000A082
2025-06-21T19:11:21.000000Z,APEX-2-T,42.02162170410156,-71.18276977539062,6850,0.0,1.3137254901960784,6,435.4,7.3,1434,17,91,7,2025-06-21T19:11:27.697679,0.0,W0MXX-HOME,horusdemodlib,0.3.13,432.625836,Horus Binary v2,,-7.1,,"42.139362,-71.396149",Comet GP-3,HorusDemodLib + RTLSDR (432.625 MHz),2025-06-21T19:11:26.321677Z,5B039A05130B1524162842945D8EC2C21A5B1107430000490006021100004BA7
2025-06-21T19:11:01.000000Z,APEX-2-T,42.02526092529297,-71.18557739257812,7026,0.0,1.3137254901960784,6,425.4,7.2,1430,17,90,7,2025-06-21T19:11:07.354733,0.0,W0MXX-HOME,horusdemodlib,0.3.13,432.625842,Horus Binary v2,,1.3,,"42.139362,-71.396149",Comet GP-3,HorusDemodLib + RTLSDR (432.625 MHz),2025-06-21T19:11:06.269569Z,5B039605130B01DE192842045F8EC2721B5A11074300004800069E10000014EF
2025-06-21T19:12:01.000000Z,APEX-2-T,42.01508712768555,-71.17662048339844,6505,0.0,1.3333333333333333,7,456.3,7.7,1442,17,74,7,2025-06-21T19:12:08.391398,0.0,W0MXX-HOME,horusdemodlib,0.3.13,432.625829,Horus Binary v2,,-7.46,,"42.139362,-71.396149",Comet GP-3,HorusDemodLib + RTLSDR (432.625 MHz),2025-06-21T19:12:06.428038Z,5B03A205130C01730F28426E5A8EC269194A11074400004D0007D31100005B9D
2025-06-21T19:11:56.000000Z,APEX-2-T,42.015838623046875,-71.17735290527344,6547,0.0,1.3333333333333333,6,453.7,7.6,1441,17,76,7,2025-06-21T19:12:02.248034,0.0,W0MXX-HOME,horusdemodlib,0.3.13,432.625835,Horus Binary v2,,-6.72,,"42.139362,-71.396149",Comet GP-3,HorusDemodLib + RTLSDR (432.625 MHz),2025-06-21T19:12:01.396423Z,5B03A105130B3838102842CE5A8EC293194C11074400004C0006B91100007F7A
2025-06-21T19:12:06.000000Z,APEX-2-T,42.01435852050781,-71.17581939697266,6462,0.0,1.3137254901960784,7,459.0,7.7,1443,17,70,7,2025-06-21T19:12:12.516962,0.0,W0MXX-HOME,horusdemodlib,0.3.13,432.625825,Horus Binary v2,,-5.87,,"42.139362,-71.396149",Comet GP-3,HorusDemodLib + RTLSDR (432.625 MHz),2025-06-21T19:12:11.381782Z,5B03A305130C06B40E2842055A8EC23E194611074300004D0007EE110000C170
2025-06-21T19:11:51.000000Z,APEX-2-T,42.01659393310547,-71.17822265625,6592,0.0,1.3333333333333333,6,451.1,7.6,1440,17,81,7,2025-06-21T19:11:58.123614,0.0,W0MXX-HOME,horusdemodlib,0.3.13,432.625836,Horus Binary v2,,-8.83,,"42.139362,-71.396149",Comet GP-3,HorusDemodLib + RTLSDR (432.625 MHz),2025-06-21T19:11:56.360591Z,5B03A005130B33FE102842405B8EC2C0195111074400004C00069F110000126F
2025-06-21T19:12:36.000000Z,APEX-2-T,42.01010513305664,-71.17139434814453,6196,0.0,1.3137254901960784,6,475.5,8.0,1449,17,64,8,2025-06-21T19:12:42.668765,0.0,W0MXX-HOME,horusdemodlib,0.3.13,432.625829,Horus Binary v2,,-3.47,,"42.139362,-71.396149",Comet GP-3,HorusDemodLib + RTLSDR (432.625 MHz),2025-06-21T19:12:41.500413Z,5B03A905130C24590A2842C1578EC23418401108430000500006931200006C25
2025-06-21T19:13:21.000000Z,APEX-2-T,42.004302978515625,-71.16458892822266,5803,0.0,1.3333333333333333,6,501.1,8.6,1458,17,61,8,2025-06-21T19:13:27.133916,0.0,W0MXX-HOME,horusdemodlib,0.3.13,432.625828,Horus Binary v2,,-6.78,,"42.139362,-71.396149",Comet GP-3,HorusDemodLib + RTLSDR (432.625 MHz),2025-06-21T19:13:26.049795Z,5B03B205130D156804284245548EC2AB163D110844000056000693130000476F
2025-06-21T19:13:16.000000Z,APEX-2-T,42.004905700683594,-71.16534423828125,5846,0.0,1.3137254901960784,6,498.1,8.5,1457,17,72,8,2025-06-21T19:13:22.986479,0.0,W0MXX-HOME,horusdemodlib,0.3.13,432.625832,Horus Binary v2,,-5.28,,"42.139362,-71.396149",Comet GP-3,HorusDemodLib + RTLSDR (432.625 MHz),2025-06-21T19:13:21.012297Z,5B03B105130D1006052842A8548EC2D6164811084300005500067513000054EB
2025-06-21T19:13:06.000000Z,APEX-2-T,42.00621032714844,-71.16690826416016,5935,0.0,1.3333333333333333,6,492.4,8.4,1455,17,62,8,2025-06-21T19:13:12.825678,0.0,W0MXX-HOME,horusdemodlib,0.3.13,432.625839,Horus Binary v2,,-3.39,,"42.139362,-71.396149",Comet GP-3,HorusDemodLib + RTLSDR (432.625 MHz),2025-06-21T19:13:11.028448Z,5B03AF05130D065C06284275558EC22F173E11084400005400063C130000B817
2025-06-21T19:13:46.000000Z,APEX-2-T,42.001136779785156,-71.16051483154297,5584,0.0,1.3333333333333333,7,515.6,8.8,1463,17,66,8,2025-06-21T19:13:51.406936,0.0,W0MXX-HOME,horusdemodlib,0.3.13,432.625832,Horus Binary v2,,-7.22,,"42.139362,-71.396149",Comet GP-3,HorusDemodLib + RTLSDR (432.625 MHz),2025-06-21T19:13:51.050528Z,5B03B705130D2E2A0128422F528EC2D01542110844000058000724140000A919
2025-06-21T19:13:51.000000Z,APEX-2-T,42.000518798828125,-71.15959930419922,5541,0.0,1.3333333333333333,7,518.6,8.9,1464,17,76,8,2025-06-21T19:13:57.533505,0.0,W0MXX-HOME,horusdemodlib,0.3.13,432.625819,Horus Binary v2,,-8.38,,"42.139362,-71.396149",Comet GP-3,HorusDemodLib + RTLSDR (432.625 MHz),2025-06-21T19:13:56.086094Z,5B03B805130D3388002842B7518EC2A5154C1108440000590007421400000839
2025-06-21T19:14:06.000000Z,APEX-2-T,41.99875259399414,-71.15691375732422,5406,0.0,1.3333333333333333,7,527.5,9.1,1467,17,75,9,2025-06-21T19:14:11.694624,0.0,W0MXX-HOME,horusdemodlib,0.3.13,432.625823,Horus Binary v2,,-4.43,,"42.139362,-71.396149",Comet GP-3,HorusDemodLib + RTLSDR (432.625 MHz),2025-06-21T19:14:11.098072Z,5B03BB05130E06B9FE274257508EC21E154B11094400005B00079B1400008F71
2025-06-21T19:13:36.000000Z,APEX-2-T,42.002384185791016,-71.16213989257812,5671,0.0,1.3137254901960784,6,509.6,8.7,1461,17,66,8,2025-06-21T19:13:41.276720,0.0,W0MXX-HOME,horusdemodlib,0.3.13,432.625825,Horus Binary v2,,-6.84,,"42.139362,-71.396149",Comet GP-3,HorusDemodLib + RTLSDR (432.625 MHz),2025-06-21T19:13:41.063611Z,5B03B505130D247102284204538EC22716421108430000570006E81300001E09
2025-06-21T19:14:56.000000Z,APEX-2-T,41.992862701416016,-71.14862060546875,4953,0.0,1.3333333333333333,7,559.0,10.5,1477,17,70,10,2025-06-21T19:15:02.407431,0.0,W0MXX-HOME,horusdemodlib,0.3.13,432.62582,Horus Binary v2,,0.87,,"42.139362,-71.396149",Comet GP-3,HorusDemodLib + RTLSDR (432.625 MHz),2025-06-21T19:15:01.187368Z,5B03C505130E38B1F82742184C8EC2591346110A440000690007D6150000E484
2025-06-21T19:14:46.000000Z,APEX-2-T,41.993988037109375,-71.15032196044922,5044,0.0,1.3333333333333333,7,552.6,10.2,1475,17,76,10,2025-06-21T19:14:52.109924,0.0,W0MXX-HOME,horusdemodlib,0.3.13,432.625822,Horus Binary v2,,-4.01,,"42.139362,-71.396149",Comet GP-3,HorusDemodLib + RTLSDR (432.625 MHz),2025-06-21T19:14:51.211723Z,5B03C305130E2ED8F92742F74C8EC2B4134C110A44000066000796150000D211
2025-06-21T19:14:51.000000Z,APEX-2-T,41.99346923828125,-71.14942169189453,5001,0.0,1.3137254901960784,7,555.8,10.3,1476,17,61,10,2025-06-21T19:14:58.267878,0.0,W0MXX-HOME,horusdemodlib,0.3.13,432.625814,Horus Binary v2,,-6.33,,"42.139362,-71.396149",Comet GP-3,HorusDemodLib + RTLSDR (432.625 MHz),2025-06-21T19:14:56.231489Z,5B03C405130E3350F92742814C8EC289133D110A430000670007B61500004D65
2025-06-21T19:15:01.000000Z,APEX-2-T,41.99234390258789,-71.14781951904297,4909,0.0,1.3137254901960784,7,562.0,10.6,1478,17,58,10,2025-06-21T19:15:06.550350,0.0,W0MXX-HOME,horusdemodlib,0.3.13,432.625809,Horus Binary v2,,5.74,,"42.139362,-71.396149",Comet GP-3,HorusDemodLib + RTLSDR (432.625 MHz),2025-06-21T19:15:06.228167Z,5B03C605130F0129F82742AF4B8EC22D133A110A4300006A0007F41500009B53
2025-06-21T19:15:06.000000Z,APEX-2-T,41.99177169799805,-71.14698791503906,4863,0.0,1.3333333333333333,7,565.5,10.8,1479,17,66,10,2025-06-21T19:15:12.669946,0.0,W0MXX-HOME,horusdemodlib,0.3.13,432.625813,Horus Binary v2,,-5.9,,"42.139362,-71.396149",Comet GP-3,HorusDemodLib + RTLSDR (432.625 MHz),2025-06-21T19:15:11.265591Z,5B03C705130F0693F72742424B8EC2FF1242110A4400006C000717160000550E
2025-06-21T19:14:36.000000Z,APEX-2-T,41.99529266357422,-71.15189361572266,5133,0.0,1.3137254901960784,7,546.4,9.9,1473,17,64,9,2025-06-21T19:14:41.873943,0.0,W0MXX-HOME,horusdemodlib,0.3.13,432.625817,Horus Binary v2,,-4.8,,"42.139362,-71.396149",Comet GP-3,HorusDemodLib + RTLSDR (432.625 MHz),2025-06-21T19:14:41.139934Z,5B03C105130E242EFB2742C54D8EC20D1440110943000063000758150000E979
2025-06-21T19:14:41.000000Z,APEX-2-T,41.99467849731445,-71.15119934082031,5088,0.0,1.3333333333333333,7,549.6,10.1,1474,17,66,10,2025-06-21T19:14:47.977642,0.0,W0MXX-HOME,horusdemodlib,0.3.13,432.625813,Horus Binary v2,,-5.55,,"42.139362,-71.396149",Comet GP-3,HorusDemodLib + RTLSDR (432.625 MHz),2025-06-21T19:14:46.176934Z,5B03C205130E298DFA27426A4D8EC2E01342110A4400006500077815000026C7
2025-06-21T19:15:11.000000Z,APEX-2-T,41.991268157958984,-71.14623260498047,4818,0.0,1.3137254901960784,7,568.6,10.9,1480,17,63,10,2025-06-21T19:15:16.797135,0.0,W0MXX-HOME,horusdemodlib,0.3.13,432.625828,Horus Binary v2,,-7.24,,"42.139362,-71.396149",Comet GP-3,HorusDemodLib + RTLSDR (432.625 MHz),2025-06-21T19:15:16.213930Z,5B03C805130F0B0FF72742DF4A8EC2D2123F110A4300006D000736160000A2AD
2025-06-21T19:15:41.000000Z,APEX-2-T,41.98831558227539,-71.14205169677734,4554,0.0,1.3137254901960784,7,588.4,11.6,1486,17,47,11,2025-06-21T19:15:47.757311,0.0,W0MXX-HOME,horusdemodlib,0.3.13,432.62582,Horus Binary v2,,-4.18,,"42.139362,-71.396149",Comet GP-3,HorusDemodLib + RTLSDR (432.625 MHz),2025-06-21T19:15:46.332488Z,5B03CE05130F2909F42742BB488EC2CA112F110B430000740007FC160000B294
2025-06-21T19:15:51.000000Z,APEX-2-T,41.98738098144531,-71.14080810546875,4465,0.0,1.3137254901960784,7,594.9,11.8,1488,17,51,11,2025-06-21T19:15:57.908314,0.0,W0MXX-HOME,horusdemodlib,0.3.13,432.625825,Horus Binary v2,,-1.9,,"42.139362,-71.396149",Comet GP-3,HorusDemodLib + RTLSDR (432.625 MHz),2025-06-21T19:15:56.406347Z,5B03D005130F3314F3274218488EC2711133110B4300007600073D1700005805
2025-06-21T19:15:26.000000Z,APEX-2-T,41.9897346496582,-71.14411163330078,4686,0.0,1.3333333333333333,7,578.6,11.3,1483,17,56,11,2025-06-21T19:15:33.362845,0.0,W0MXX-HOME,horusdemodlib,0.3.13,432.625817,Horus Binary v2,,-7.46,,"42.139362,-71.396149",Comet GP-3,HorusDemodLib + RTLSDR (432.625 MHz),2025-06-21T19:15:31.314460Z,5B03CB05130F1A7DF52742C9498EC24E1238110B4400007100079A160000058B
2025-06-21T19:15:31.000000Z,APEX-2-T,41.989253997802734,-71.14338684082031,4643,0.0,1.3333333333333333,7,582.0,11.4,1484,17,51,11,2025-06-21T19:15:37.492232,0.0,W0MXX-HOME,horusdemodlib,0.3.13,432.625817,Horus Binary v2,,-5.29,,"42.139362,-71.396149",Comet GP-3,HorusDemodLib + RTLSDR (432.625 MHz),2025-06-21T19:15:36.346835Z,5B03CC05130F1FFFF427426A498EC2231233110B440000720007BC1600007682
2025-06-21T19:15:36.000000Z,APEX-2-T,41.9887580871582,-71.14273071289062,4599,0.0,1.3137254901960784,7,585.2,11.5,1485,17,60,11,2025-06-21T19:15:41.614389,0.0,W0MXX-HOME,horusdemodlib,0.3.13,432.625816,Horus Binary v2,,-2.33,,"42.139362,-71.396149",Comet GP-3,HorusDemodLib + RTLSDR (432.625 MHz),2025-06-21T19:15:41.387737Z,5B03CD05130F247DF4274214498EC2F7113C110B430000730007DC1600009A31
2025-06-21T19:15:16.000000Z,APEX-2-T,41.990753173828125,-71.14547729492188,4775,0.0,1.3333333333333333,7,571.8,11.1,1481,17,52,11,2025-06-21T19:15:22.949922,0.0,W0MXX-HOME,horusdemodlib,0.3.13,432.625817,Horus Binary v2,,-7.24,,"42.139362,-71.396149",Comet GP-3,HorusDemodLib + RTLSDR (432.625 MHz),2025-06-21T19:15:21.249401Z,5B03C905130F1088F627427C4A8EC2A71234110B4400006F000756160000D798
2025-06-21T19:15:21.000000Z,APEX-2-T,41.990211486816406,-71.14476776123047,4732,0.0,1.3333333333333333,7,575.2,11.2,1482,17,61,11,2025-06-21T19:15:27.206892,0.0,W0MXX-HOME,horusdemodlib,0.3.13,432.625814,Horus Binary v2,,1.66,,"42.139362,-71.396149",Comet GP-3,HorusDemodLib + RTLSDR (432.625 MHz),2025-06-21T19:15:26.283509Z,5B03CA05130F15FAF527421F4A8EC27C123D110B44000070000778160000D8B2
2025-06-21T19:15:56.000000Z,APEX-2-T,41.98695755004883,-71.14016723632812,4422,0.0,1.3137254901960784,7,598.4,11.9,1489,17,48,11,2025-06-21T19:16:02.118400,0.0,W0MXX-HOME,horusdemodlib,0.3.13,432.625813,Horus Binary v2,,-1.9,,"42.139362,-71.396149",Comet GP-3,HorusDemodLib + RTLSDR (432.625 MHz),2025-06-21T19:16:01.355829Z,5B03D105130F38A5F22742C4478EC2461130110B430000770007601700002331
2025-06-21T19:16:06.000000Z,APEX-2-T,41.986026763916016,-71.13895416259766,4331,0.0,1.3137254901960784,7,605.2,12.1,1491,17,49,12,2025-06-21T19:16:12.268842,0.0,W0MXX-HOME,horusdemodlib,0.3.13,432.625825,Horus Binary v2,,-4.71,,"42.139362,-71.396149",Comet GP-3,HorusDemodLib + RTLSDR (432.625 MHz),2025-06-21T19:16:11.419440Z,5B03D305131006B1F1274225478EC2EB1031110C430000790007A4170000A214
2025-06-21T19:16:16.000000Z,APEX-2-T,41.98505783081055,-71.13764953613281,4245,0.0,1.3333333333333333,7,612.1,12.3,1493,17,57,12,2025-06-21T19:16:22.553117,0.0,W0MXX-HOME,horusdemodlib,0.3.13,432.625822,Horus Binary v2,,-4.74,,"42.139362,-71.396149",Comet GP-3,HorusDemodLib + RTLSDR (432.625 MHz),2025-06-21T19:16:21.408191Z,5B03D505131010B3F027427A468EC2951039110C4400007B0007E91700009419
2025-06-21T19:16:21.000000Z,APEX-2-T,41.984649658203125,-71.13704681396484,4201,0.0,1.3137254901960784,7,615.4,12.5,1494,17,48,12,2025-06-21T19:16:26.703631,0.0,W0MXX-HOME,horusdemodlib,0.3.13,432.625822,Horus Binary v2,,-6.46,,"42.139362,-71.396149",Comet GP-3,HorusDemodLib + RTLSDR (432.625 MHz),2025-06-21T19:16:26.442721Z,5B03D60513101548F027422B468EC2691030110C4300007D00070A18000077D4
2025-06-21T19:16:31.000000Z,APEX-2-T,41.98381805419922,-71.13567352294922,4111,0.0,1.3137254901960784,7,622.2,12.7,1496,17,53,12,2025-06-21T19:16:36.941538,0.0,W0MXX-HOME,horusdemodlib,0.3.13,432.625828,Horus Binary v2,,-7.54,,"42.139362,-71.396149",Comet GP-3,HorusDemodLib + RTLSDR (432.625 MHz),2025-06-21T19:16:36.426829Z,5B03D80513101F6EEF274277458EC20F1035110C4300007F00074E180000C6ED
2025-06-21T19:16:41.000000Z,APEX-2-T,41.98293685913086,-71.13435363769531,4027,0.0,1.3333333333333333,7,628.3,13.0,1498,17,55,13,2025-06-21T19:16:47.217652,0.0,W0MXX-HOME,horusdemodlib,0.3.13,432.625813,Horus Binary v2,,-5.55,,"42.139362,-71.396149",Comet GP-3,HorusDemodLib + RTLSDR (432.625 MHz),2025-06-21T19:16:46.499883Z,5B03DA0513102987EE2742CA448EC2BB0F37110D4400008200078B180000DF05
2025-06-21T19:16:11.000000Z,APEX-2-T,41.985557556152344,-71.13829040527344,4288,0.0,1.3333333333333333,7,608.7,12.3,1492,17,49,12,2025-06-21T19:16:18.405768,0.0,W0MXX-HOME,horusdemodlib,0.3.13,432.625814,Horus Binary v2,,-6.36,,"42.139362,-71.396149",Comet GP-3,HorusDemodLib + RTLSDR (432.625 MHz),2025-06-21T19:16:16.370542Z,5B03D40513100B36F12742CE468EC2C01031110C4400007B0007C717000092D6
2025-06-21T19:16:26.000000Z,APEX-2-T,41.98423385620117,-71.13633728027344,4155,0.0,1.3333333333333333,7,618.8,12.6,1495,17,50,12,2025-06-21T19:16:32.834862,0.0,W0MXX-HOME,horusdemodlib,0.3.13,432.625816,Horus Binary v2,,-2.58,,"42.139362,-71.396149",Comet GP-3,HorusDemodLib + RTLSDR (432.625 MHz),2025-06-21T19:16:31.478766Z,5B03D70513101ADBEF2742CE458EC23B1032110C4400007E00072C180000A3F1
2025-06-21T19:17:06.000000Z,APEX-2-T,41.9809455871582,-71.13088989257812,3837,0.0,1.3333333333333333,7,643.5,13.7,1503,17,60,13,2025-06-21T19:17:11.861632,0.0,W0MXX-HOME,horusdemodlib,0.3.13,432.625819,Horus Binary v2,,-0.16,,"42.139362,-71.396149",Comet GP-3,HorusDemodLib + RTLSDR (432.625 MHz),2025-06-21T19:17:11.072287Z,5B03DF051311067DEC274204438EC2FD0E3C110D4400008900072319000077D7
2025-06-21T19:16:51.000000Z,APEX-2-T,41.98210906982422,-71.13296508789062,3951,0.0,1.3333333333333333,7,634.4,13.2,1500,17,58,13,2025-06-21T19:16:57.480792,0.0,W0MXX-HOME,horusdemodlib,0.3.13,432.625823,Horus Binary v2,,-4.11,,"42.139362,-71.396149",Comet GP-3,HorusDemodLib + RTLSDR (432.625 MHz),2025-06-21T19:16:55.968906Z,5B03DC05131033AEED274214448EC26F0F3A110D440000840007C81800007350
2025-06-21T19:16:56.000000Z,APEX-2-T,41.98172378540039,-71.13233947753906,3913,0.0,1.3333333333333333,7,637.4,13.4,1501,17,51,13,2025-06-21T19:17:01.622361,0.0,W0MXX-HOME,horusdemodlib,0.3.13,432.625822,Horus Binary v2,,-1.78,,"42.139362,-71.396149",Comet GP-3,HorusDemodLib + RTLSDR (432.625 MHz),2025-06-21T19:17:00.988554Z,5B03DD0513103849ED2742C2438EC2490F33110D440000860007E6180000EA1B
2025-06-21T19:16:46.000000Z,APEX-2-T,41.982582092285156,-71.13368225097656,3989,0.0,1.3333333333333333,7,631.5,13.1,1499,17,45,13,2025-06-21T19:16:51.343080,0.0,W0MXX-HOME,horusdemodlib,0.3.13,432.625812,Horus Binary v2,,-4.09,,"42.139362,-71.396149",Comet GP-3,HorusDemodLib + RTLSDR (432.625 MHz),2025-06-21T19:16:51.019026Z,5B03DB0513102E2AEE274272448EC2950F2D110D440000830007AB1800002F88
2025-06-21T19:17:16.000000Z,APEX-2-T,41.98014831542969,-71.1293716430664,3768,0.0,1.3333333333333333,7,649.3,13.9,1505,17,51,13,2025-06-21T19:17:22.112222,0.0,W0MXX-HOME,horusdemodlib,0.3.13,432.625816,Horus Binary v2,,4.14,,"42.139362,-71.396149",Comet GP-3,HorusDemodLib + RTLSDR (432.625 MHz),2025-06-21T19:17:21.054044Z,5B03E105131110ACEB27423D428EC2B80E33110D4400008B00075D190000E2D7
2025-06-21T19:17:11.000000Z,APEX-2-T,41.98057174682617,-71.13013458251953,3803,0.0,1.3137254901960784,7,646.4,13.8,1504,17,53,13,2025-06-21T19:17:17.988471,0.0,W0MXX-HOME,horusdemodlib,0.3.13,432.625825,Horus Binary v2,,4.14,,"42.139362,-71.396149",Comet GP-3,HorusDemodLib + RTLSDR (432.625 MHz),2025-06-21T19:17:16.103873Z,5B03E00513110B1BEC2742A1428EC2DB0E35110D4300008A000740190000779C
2025-06-21T19:17:21.000000Z,APEX-2-T,41.97969055175781,-71.12859344482422,3734,0.0,1.3333333333333333,8,652.2,14.1,1506,17,58,14,2025-06-21T19:17:26.239972,0.0,W0MXX-HOME,horusdemodlib,0.3.13,432.625816,Horus Binary v2,,-7.44,,"42.139362,-71.396149",Comet GP-3,HorusDemodLib + RTLSDR (432.625 MHz),2025-06-21T19:17:26.092847Z,5B03E20513111534EB2742D7418EC2960E3A110E4400008D00087A1900009F1D
2025-06-21T19:17:01.000000Z,APEX-2-T,41.981346130371094,-71.13157653808594,3875,0.0,1.3333333333333333,7,640.7,13.5,1502,17,52,13,2025-06-21T19:17:07.769254,0.0,W0MXX-HOME,horusdemodlib,0.3.13,432.625825,Horus Binary v2,,-4.69,,"42.139362,-71.396149",Comet GP-3,HorusDemodLib + RTLSDR (432.625 MHz),2025-06-21T19:17:06.034689Z,5B03DE05131101E6EC27425E438EC2230F34110D4400008700070719000090D1